Name,Timings,Website,Phone,Ratings,Reviews,Top 3 reviews,Image
"Reichbach Center - Ketamine, Medical Cannabis &amp; Psychotropics","{'Saturday': 'Closed', 'Sunday': 'Closed', 'Monday': '9AM‚Äì5PM', 'Tuesday': '9AM‚Äì5PM', 'Wednesday': '9AM‚Äì5PM', 'Thursday': '9AM‚Äì5PM', 'Friday': '9AM‚Äì5PM'}",findpainrelief.com,+1 941-213-4444,4.9,88 reviews,"['""The staff treats you like family that they like.""', '""Also the clinic itself is super clean and comfy Wish I could rate ten ‚≠êÔ∏è""', '""The atmosphere is everything you‚Äôd want in a medical facility.""']",https://www.gstatic.com/images/icons/material/system_gm/2x/photo_library_white_18dp.png
Ketamine Research Institute,"{'Saturday': '10AM‚Äì4PM', 'Sunday': '10AM‚Äì4PM', 'Monday': '9AM‚Äì6PM', 'Tuesday': '9AM‚Äì6PM', 'Wednesday': '9AM‚Äì6PM', 'Thursday': '9AM‚Äì6PM', 'Friday': '9AM‚Äì6PM'}",ketamineinstitute.com,+1 800-850-6979,4.3,8 reviews,"['""She even provided candy and drinks!""', '""In general this place is way inflexible and way over priced.""', '""I know first hand how life saving the work they do is.""']",https://lh5.googleusercontent.com/p/AF1QipMVS1FF2N_gveHf1h3IwvpTG6fW_ZqVpcLZMnar=w408-h255-k-no
Ketamine Health Centers,"{'Saturday': 'Closed', 'Sunday': 'Closed', 'Monday': '9AM‚Äì5PM', 'Tuesday': '9AM‚Äì5PM', 'Wednesday': '9AM‚Äì5PM', 'Thursday': '9AM‚Äì5PM', 'Friday': '9AM‚Äì5PM'}",ketaminehealthcenters.com,+1 239-449-8437,4.4,14 reviews,"['""If you are struggling, I highly recommend booking a consultation.""', '""Where do all of theses reviews come from? this place is a disaster.""', '""This office staff has truly changed my life.""']",https://www.gstatic.com/images/icons/material/system_gm/2x/photo_library_white_18dp.png
Ketamine Institute of Naples,"{'Saturday': 'Closed', 'Sunday': 'Closed', 'Monday': '9AM‚Äì6PM', 'Tuesday': '9AM‚Äì6PM', 'Wednesday': '9AM‚Äì6PM', 'Thursday': '9AM‚Äì6PM', 'Friday': '9AM‚Äì6PM'}",ketaminenaplesfl.com,+1 239-784-2297,5,5 reviews,"['""The ketamine experience is very relaxing and peaceful.""', '""My experience with Ketamine, was a little tough at first.""', '""Dr. Robles is very professional and knows all aspects of Ketamine Treatment.""']",https://streetviewpixels-pa.googleapis.com/v1/thumbnail?panoid=rokxbGykzhDFIQZZBhgzSg&cb_client=search.gws-prod.gps&w=408&h=240&yaw=15.583409&pitch=0&thumbfov=100
Anti Aging and Ketamine Center,"{'Saturday': 'Closed', 'Sunday': 'Closed', 'Monday': '8AM‚Äì5PM', 'Tuesday': '8AM‚Äì5PM', 'Wednesday': '8AM‚Äì5PM', 'Thursday': '8AM‚Äì5PM', 'Friday': '8AM‚Äì5PM'}",treasurecoastketamine.com,+1 941-755-9355,5,13 reviews,[],https://streetviewpixels-pa.googleapis.com/v1/thumbnail?panoid=FjPie5TOzFIYoutjsfmRpw&cb_client=search.gws-prod.gps&w=408&h=240&yaw=188.52293&pitch=0&thumbfov=100
Anti Aging and Ketamine Center,"{'Saturday': '9AM‚Äì6PM', 'Sunday': 'Closed', 'Monday': '9AM‚Äì6PM', 'Tuesday': '9AM‚Äì6PM', 'Wednesday': '9AM‚Äì6PM', 'Thursday': '9AM‚Äì6PM', 'Friday': '9AM‚Äì6PM'}",ketaminehealthcenters.com,+1 772-907-5917,4.5,47 reviews,"['""The people at this place really know how to make you feel safe and supported.""', '""This facility strives to give the absolute best care on an individualized basis.""', '""I was very impressed with there customer service!!!""']",https://streetviewpixels-pa.googleapis.com/v1/thumbnail?panoid=FjPie5TOzFIYoutjsfmRpw&cb_client=search.gws-prod.gps&w=408&h=240&yaw=188.52293&pitch=0&thumbfov=100
Ketamine Health Centers,"{'Saturday': 'Closed', 'Sunday': 'Closed', 'Monday': '10AM‚Äì5PM', 'Tuesday': '10AM‚Äì5PM', 'Wednesday': '10AM‚Äì5PM', 'Thursday': '10AM‚Äì5PM', 'Friday': '10AM‚Äì5PM'}",ketaminehealthcenters.com,+1 305-856-9442,5,7 reviews,"['""The staff is very welcoming and the atmosphere is relaxing.""', '""I highly recommend Ketamine Health Centers and am so grateful for their work.""', '""Both the doctor and nurse are very caring people.""']",https://www.gstatic.com/images/icons/material/system_gm/2x/photo_library_white_18dp.png
Ketamine Health Centers,"{'Saturday': 'Closed', 'Sunday': 'Closed', 'Monday': '9AM‚Äì4PM', 'Tuesday': '9AM‚Äì4PM', 'Wednesday': '9AM‚Äì4PM', 'Thursday': '9AM‚Äì4PM', 'Friday': '9AM‚Äì4PM'}",ivketamine.com,+1 954-237-1303,5,12 reviews,"['""The staff are excellent carrying people.""', '""It\'s a clean and calm environment and this benefited my experience greatly .""', '""Very professional atmosphere, and they provide great care to their patients.""']",https://lh5.googleusercontent.com/p/AF1QipPJlPMaf4XUzdYsMSsksGYPbhB_x3JimiTQktg=w408-h240-k-no-pi0-ya215.43158-ro-0-fo100
Ketamine Treatments IVKetamine.com,"{'Saturday': 'Closed', 'Sunday': 'Closed', 'Monday': '9AM‚Äì6PM', 'Tuesday': '9AM‚Äì6PM', 'Wednesday': '9AM‚Äì6PM', 'Thursday': '9AM‚Äì6PM', 'Friday': '9AM‚Äì6PM'}",imperialmedinfusions.com,+1 727-538-2646,4.9,30 reviews,"['""Dr. Hanna and staff of nurses and office staff are amazing!""', '""To walk using a cane to running with my puppy dog!""', '""His nursing staff makes you feel comfortable during every infusion.""']",https://lh5.googleusercontent.com/p/AF1QipM3kgrRx3wkczHPzfoVx9KMAGp16tHjXj15vocR=w408-h255-k-no
Imperial Medicine Ketamine and Wellness Infusion Therapy,"{'Saturday': 'Closed', 'Sunday': 'Closed', 'Monday': '9AM‚Äì5PM', 'Tuesday': '9AM‚Äì5PM', 'Wednesday': '9AM‚Äì5PM', 'Thursday': '9AM‚Äì5PM', 'Friday': '9AM‚Äì5PM'}",newhorizonclinics.com,+1 954-533-0978,5,5 reviews,"['""The best service and results from Botox.""', '""The staff was excellent and very well educated on the services provided.""', '""Work with professionals, stay away from Imperial Medicine""']",https://lh5.googleusercontent.com/p/AF1QipMJWPY9w6AzS4mVvMQpi4cg9BVGDjBP1Xk0yOj7=w408-h315-k-no
New Horizon Ketamine Infusion Clinics,"{'Saturday': '11AM‚Äì4PM', 'Sunday': 'Closed', 'Monday': '10AM‚Äì7PM', 'Tuesday': 'Closed', 'Wednesday': '10AM‚Äì7PM', 'Thursday': '10AM‚Äì7PM', 'Friday': 'Closed'}",myketaminehome.com,+1 727-732-4786,4.5,56 reviews,[],https://streetviewpixels-pa.googleapis.com/v1/thumbnail?panoid=RQZJ1E5GaZhR7sq1h0lz7w&cb_client=search.gws-prod.gps&w=408&h=240&yaw=35.75731&pitch=0&thumbfov=100
New Horizon Ketamine Infusion Clinics,"{'Saturday': '10AM‚Äì4PM', 'Sunday': 'Closed', 'Monday': '10AM‚Äì7PM', 'Tuesday': 'Closed', 'Wednesday': '10AM‚Äì7PM', 'Thursday': '10AM‚Äì7PM', 'Friday': 'Closed'}",tampapainmd.com,+1 305-985-6170,4.9,47 reviews,"['""Office was very relaxing, music was soothing.""', '""I highly recommend this place, the care they give you is top of the line.""', '""The staff is very professional and sincere to work with, as well.""']",https://streetviewpixels-pa.googleapis.com/v1/thumbnail?panoid=RQZJ1E5GaZhR7sq1h0lz7w&cb_client=search.gws-prod.gps&w=408&h=240&yaw=35.75731&pitch=0&thumbfov=100
TampaPainMD: Pain &amp; Ketamine Clinic,"{'Saturday': 'Closed', 'Sunday': 'Closed', 'Monday': '9AM‚Äì6PM', 'Tuesday': 'Closed', 'Wednesday': '9AM‚Äì6PM', 'Thursday': 'Closed', 'Friday': 'Closed'}",healthymemia.com,+1 813-533-6259,4.6,19 reviews,"['""Wonderful Staff an Fantastic doctor, worth the 6 hour drive for me.""', '""Great physician, service and the experience.""', '""The clinic is clean, professional staff, and all safety measures are in place.""']",https://lh5.googleusercontent.com/p/AF1QipP1vhdXVgFSHMf1MELt1lToQyk1yp0EKIuvos0=w408-h612-k-no
Healthy Me Medical Therapies - HRT | Ketamine | IV Therapy - Miami,"{'Saturday': 'Closed', 'Sunday': 'Closed', 'Monday': 'Closed', 'Tuesday': '9AM‚Äì5PM', 'Wednesday': 'Closed', 'Thursday': '9AM‚Äì5PM', 'Friday': 'Closed'}",ketaminehealthcenters.com,+1 786-731-4238,5,11 reviews,"['""The best place hands down!""', '""Dr. Carlos even called me to check I was and to give some recommendations.""', '""Unreliable and unprofessional.""']",https://lh5.googleusercontent.com/p/AF1QipOU2FSmRtTAtjcmPYtp_DSH8M_AtYyFga7qjOZt=w408-h271-k-no
Healthy Me Medical Therapies - HRT | Ketamine | IV Therapy - Miami,"{'Saturday': 'Closed', 'Sunday': 'Closed', 'Monday': '9AM‚Äì5PM', 'Tuesday': '9AM‚Äì5PM', 'Wednesday': '9AM‚Äì5PM', 'Thursday': '9AM‚Äì5PM', 'Friday': '9AM‚Äì5PM'}",lopezpsychiatry.com,+1 561-766-0818,5,4 reviews,"['""The environment is very relaxing and I always have a great experience.""', '""Again, I highly recommend visiting the office, even if just for a consultation.""', '""The staff is both professional and compassionate about helping their clients.""']",https://lh5.googleusercontent.com/p/AF1QipOU2FSmRtTAtjcmPYtp_DSH8M_AtYyFga7qjOZt=w408-h271-k-no
Mental Health Services of Florida - Ketamine and Psychiatric Center,"{'Saturday': 'Closed', 'Sunday': 'Closed', 'Monday': '10AM‚Äì7PM', 'Tuesday': '10AM‚Äì7PM', 'Wednesday': '10AM‚Äì7PM', 'Thursday': '10AM‚Äì7PM', 'Friday': '10AM‚Äì7PM'}",ketamine-lounge.com,+1 305-667-8114,5,7 reviews,"['""The staff answered all my questions and made me feel at ease.""', '""Excellent experience.""', '""I know she will be in good hands with future infusion treatments.""']",https://lh5.googleusercontent.com/p/AF1QipPO_RYXldpHdQaRxm0tPQHp36sFusjjLmn-vCqH=w408-h490-k-no
Ketamine Lounge,"{'Saturday': 'Closed', 'Sunday': 'Closed', 'Monday': '8AM‚Äì5PM', 'Tuesday': '8AM‚Äì5PM', 'Wednesday': '8AM‚Äì5PM', 'Thursday': '8AM‚Äì5PM', 'Friday': '8AM‚Äì12PM'}",completeketaminesolutions.com,+1 305-604-9595,5,23 reviews,"['""Enhance the overall experience of whats to come.""', '""The staff is beyond knowledgeable and accommodating.""', '""Best place for healing .""']",https://lh5.googleusercontent.com/p/AF1QipMHFTZyMgTZZ0lCENy9nOZeD-6yQfsqEfrTXFf8=w408-h306-k-no
Complete Ketamine Solutions Tampa,"{'Saturday': 'Closed', 'Sunday': 'Closed', 'Monday': '10AM‚Äì3PM', 'Tuesday': '10AM‚Äì3PM', 'Wednesday': '10AM‚Äì3PM', 'Thursday': '10AM‚Äì3PM', 'Friday': 'Closed'}",ketamineclinicsouthflorida.com,+1 813-632-3223,5,41 reviews,"['""Great staff delivering a life changing service at an affordable price.""', '""This business offers ketamine treatment in a soothing, personal environment.""', '""Excellent pain management facility!""']",https://lh5.googleusercontent.com/p/AF1QipM8c9ef6vFtaBWDTDQ4z4LqBr-uf7zZE3yhqr4D=w425-h240-k-no
Ketamine Expert Clinic,"{'Saturday': '9AM‚Äì5PM', 'Sunday': '9AM‚Äì5PM', 'Monday': '7AM‚Äì7PM', 'Tuesday': '7AM‚Äì7PM', 'Wednesday': '7AM‚Äì7PM', 'Thursday': '7AM‚Äì7PM', 'Friday': '7AM‚Äì7PM'}",completeketaminesolutions.com,+1 305-709-6686,5,13 reviews,[],https://streetviewpixels-pa.googleapis.com/v1/thumbnail?panoid=vk9QGRUPUOGm2zLYZ7YzOg&cb_client=search.gws-prod.gps&w=408&h=240&yaw=240.90079&pitch=0&thumbfov=100
Ketamine Expert Clinic,"{'Saturday': 'Closed', 'Sunday': 'Closed', 'Monday': '9AM‚Äì5PM', 'Tuesday': 'Closed', 'Wednesday': '9AM‚Äì5PM', 'Thursday': '9AM‚Äì5PM', 'Friday': '9AM‚Äì5PM'}",business.site,+1 954-320-4944,5,3 reviews,"['""I have to say it was a amazing place and good service.""', '""I have struggled with childhood trauma and PTSD from work.""', '""Very friendly caring staffs I had excellent experience there.""']",https://streetviewpixels-pa.googleapis.com/v1/thumbnail?panoid=vk9QGRUPUOGm2zLYZ7YzOg&cb_client=search.gws-prod.gps&w=408&h=240&yaw=240.90079&pitch=0&thumbfov=100
Complete Ketamine Solutions South Florida,"{'Saturday': 'Closed', 'Sunday': 'Closed', 'Monday': '9AM‚Äì5PM', 'Tuesday': '9AM‚Äì5PM', 'Wednesday': '9AM‚Äì5PM', 'Thursday': '9AM‚Äì5PM', 'Friday': '9AM‚Äì4PM'}",greaterwellnessclinic.com,+1 954-367-5316,5,7 reviews,"['""Great staff, love the environment, excellent care.""', '""Amazing prices, amazing services and people.""', '""Great atmosphere, very knowledgeable staff.""']",https://lh5.googleusercontent.com/p/AF1QipNzzxA8Rw5YVpQuII_iOtTBAvnSq8nCkT1nX1sW=w726-h240-k-no
Clearwater Ketamine,"{'Saturday': 'Closed', 'Sunday': 'Closed', 'Monday': '9AM‚Äì6PM', 'Tuesday': '9AM‚Äì6PM', 'Wednesday': '9AM‚Äì6PM', 'Thursday': '9AM‚Äì6PM', 'Friday': '9AM‚Äì6PM'}",revitalizinginfusions.com,+1 727-307-6618,4.9,53 reviews,"['""I was very happy with the service I‚Äôve received, I feel great!""', '""I haven\'t felt so good for years, the treatment works great.""']",https://lh5.googleusercontent.com/p/AF1QipNlh_N1Llr6Sy-wQut7W8gSPGUGQdaTzBBTKeOA=w408-h241-k-no
KETAMINE AND WELLNESS OF JUPITER,"{'Saturday': 'Closed', 'Sunday': 'Closed', 'Monday': '8AM‚Äì5PM', 'Tuesday': '8AM‚Äì5PM', 'Wednesday': '8AM‚Äì5PM', 'Thursday': '8AM‚Äì5PM', 'Friday': '8AM‚Äì5PM'}",ketaminehealthcenters.com,+1 561-371-6412,4,12 reviews,[],https://streetviewpixels-pa.googleapis.com/v1/thumbnail?panoid=XYV6tiqQgwS1-vXG44mS-g&cb_client=search.gws-prod.gps&w=408&h=240&yaw=103.91062&pitch=0&thumbfov=100
KETAMINE AND WELLNESS OF JUPITER,"{'Saturday': 'Closed', 'Sunday': 'Closed', 'Monday': '9AM‚Äì6PM', 'Tuesday': '9AM‚Äì6PM', 'Wednesday': '9AM‚Äì6PM', 'Thursday': '9AM‚Äì6PM', 'Friday': '9AM‚Äì6PM'}",assistedketamine.com,+1 813-549-4563,4.8,21 reviews,"['""The office atmosphere is an ideal place for treatment.""', '""Felt relaxed after entering Greater Wellness Clinic\'s environment.""', '""I received 6 ketamine infusions under her care.""']",https://streetviewpixels-pa.googleapis.com/v1/thumbnail?panoid=XYV6tiqQgwS1-vXG44mS-g&cb_client=search.gws-prod.gps&w=408&h=240&yaw=103.91062&pitch=0&thumbfov=100
Revitalizing Infusion Therapies,"{'Saturday': '9AM‚Äì5PM', 'Sunday': 'Closed', 'Monday': 'Closed', 'Tuesday': '9AM‚Äì5PM', 'Wednesday': '9AM‚Äì5PM', 'Thursday': '9AM‚Äì5PM', 'Friday': '9AM‚Äì5PM'}",ketaminehwc.com,+1 321-415-7072,5,1 review,"['""God Bless all the people that work here.""', '""The atmosphere is welcoming, as is the staff.""', '""Soothing, safe, clean environment.""']",https://lh5.googleusercontent.com/p/AF1QipOYXwXzdXbo5iIGXWnih7UGucq3mb56PfOXpFtc=w408-h306-k-no
Ketamine Health Centers,"{'Saturday': '9AM‚Äì5PM', 'Sunday': 'Closed', 'Monday': '9AM‚Äì5PM', 'Tuesday': '9AM‚Äì5PM', 'Wednesday': '9AM‚Äì5PM', 'Thursday': '9AM‚Äì5PM', 'Friday': '9AM‚Äì5PM'}",cubanomd.com,+1 407-557-8995,5,19 reviews,"['""Everyone will have a different experience for these infusions.""', '""I had a very bad experience with this health center during my third infusion.""', '""My pain (physical and mental) disappeared thanks to KHC.""']",https://lh5.googleusercontent.com/p/AF1QipMMhPrsKmys6JOPEF5nl1xPJjno4OVgt_Gs33l1=w426-h240-k-no
Assisted Ketamine,"{'Saturday': 'Closed', 'Sunday': 'Closed', 'Monday': '8AM‚Äì4:30PM', 'Tuesday': '9AM‚Äì6PM', 'Wednesday': '9AM‚Äì6PM', 'Thursday': '9AM‚Äì6PM', 'Friday': '9AM‚Äì6PM'}",agewelldr.com,+1 561-347-1112,5,60 reviews,[],https://streetviewpixels-pa.googleapis.com/v1/thumbnail?panoid=RLh5ZE6i8_dOCfApBK6qlQ&cb_client=search.gws-prod.gps&w=408&h=240&yaw=177.40463&pitch=0&thumbfov=100
Ketamine Holistic Wellness Center,"{'Saturday': '8AM‚Äì5PM', 'Sunday': 'Closed', 'Monday': '9AM‚Äì5PM', 'Tuesday': '9AM‚Äì5PM', 'Wednesday': '9AM‚Äì5PM', 'Thursday': '9AM‚Äì5PM', 'Friday': '9AM‚Äì4PM'}",flmindhealth.com,+1 321-777-8040,5,20 reviews,"['""I can\'t wait to go for a hydra float and a Ketamine treatment!""', '""The facility is beautiful and staff is helpful and friendly.""', '""OMG I love this place.""']",https://lh5.googleusercontent.com/p/AF1QipOTKyoWc7aFHxnX11AmgI3lqmKWR31fjw39x6N-=w408-h544-k-no
Ketamine of Central Florida,"{'Saturday': 'Closed', 'Sunday': 'Closed', 'Monday': '9AM‚Äì5PM', 'Tuesday': '9AM‚Äì5PM', 'Wednesday': '9AM‚Äì5PM', 'Thursday': '9AM‚Äì5PM', 'Friday': '9AM‚Äì5PM'}",infusionclinicocala.com,+1 407-732-7266,4.6,11 reviews,[],https://streetviewpixels-pa.googleapis.com/v1/thumbnail?panoid=XRIPWKqJ0Bw2nTmGngFApA&cb_client=search.gws-prod.gps&w=408&h=240&yaw=108.699745&pitch=0&thumbfov=100
AMERICAN KETAMINE INSTITUTE,"{'Saturday': '9AM‚Äì5PM', 'Sunday': '9AM‚Äì5PM', 'Monday': '9AM‚Äì5PM', 'Tuesday': '9AM‚Äì5PM', 'Wednesday': '9AM‚Äì5PM', 'Thursday': '9AM‚Äì5PM', 'Friday': '9AM‚Äì5PM'}",airmedk.com,+1 813-943-2129,5,5 reviews,[],https://streetviewpixels-pa.googleapis.com/v1/thumbnail?panoid=SQgM1v-cR-GZuob3pZugCw&cb_client=search.gws-prod.gps&w=408&h=240&yaw=230.02167&pitch=0&thumbfov=100
AMERICAN KETAMINE INSTITUTE,"{'Saturday': '8AM‚Äì6PM', 'Sunday': '8AM‚Äì6PM', 'Monday': '8AM‚Äì6PM', 'Tuesday': '8AM‚Äì6PM', 'Wednesday': '8AM‚Äì6PM', 'Thursday': '8AM‚Äì6PM', 'Friday': '8AM‚Äì6PM'}",ketaminetherapeutics.com,+1 954-324-7733,5,40 reviews,"['""Then comes this 30 something year old doctor who gave me a new life.""', '""Highly recommend, plus great clean office makes you feel comfortable.""', '""I had a great experience getting botox and fillers on my face.""']",https://streetviewpixels-pa.googleapis.com/v1/thumbnail?panoid=SQgM1v-cR-GZuob3pZugCw&cb_client=search.gws-prod.gps&w=408&h=240&yaw=230.02167&pitch=0&thumbfov=100
Florida Mind Health Center For Ketamine Therapy,"{'Saturday': 'Closed', 'Sunday': 'Closed', 'Monday': '9AM‚Äì5PM', 'Tuesday': '9AM‚Äì5PM', 'Wednesday': '9AM‚Äì5PM', 'Thursday': '9AM‚Äì5PM', 'Friday': '9AM‚Äì5PM'}",ketaminewellnesscenters.com,+1 352-448-6062,5,40 reviews,"['""Awesome place and really good service!""', '""I highly recommend treatment at his facility.""', '""Vitamin IV therapy was relaxing and pain free.""']",https://lh5.googleusercontent.com/p/AF1QipOpWLotLiHjO0NwKqKaytwgYyRaSIHB47bb0aZZ=w408-h272-k-no
The Infusion Clinic of Ocala (Ketamine Ocala),"{'Saturday': 'Closed', 'Sunday': 'Closed', 'Monday': '8AM‚Äì4PM', 'Tuesday': '8AM‚Äì4PM', 'Wednesday': '8AM‚Äì4PM', 'Thursday': '8AM‚Äì4PM', 'Friday': '8AM‚Äì4PM'}",flmindhealth.com,+1 352-325-5755,5,3 reviews,"['""The doctor and staff are caring and compassionate.""', '""I was so nervous coming to a new place but I felt at home !!""', '""Hes very sincere and caring makes us feel like family.""']",https://lh5.googleusercontent.com/p/AF1QipONEsAPKfV1P_zAc3sDfyvbQbBeifOOHUun9PrX=w458-h240-k-no
"Airmed, Ketamine infusion clinic. IV Lounge","{'Saturday': 'Closed', 'Sunday': 'Closed', 'Monday': '9AM‚Äì5PM', 'Tuesday': '9AM‚Äì5PM', 'Wednesday': '9AM‚Äì5PM', 'Thursday': '9AM‚Äì5PM', 'Friday': '9AM‚Äì5PM'}",flmindhealth.com,+1 407-730-3320,5,8 reviews,[],https://streetviewpixels-pa.googleapis.com/v1/thumbnail?panoid=BJp2p5oOFaVwHbHWJPGBuQ&cb_client=search.gws-prod.gps&w=408&h=240&yaw=355.10397&pitch=0&thumbfov=100
"Airmed, Ketamine infusion clinic. IV Lounge","{'Saturday': 'Closed', 'Sunday': 'Closed', 'Monday': '9AM‚Äì4:30PM', 'Tuesday': '9AM‚Äì4:30PM', 'Wednesday': '9AM‚Äì4:30PM', 'Thursday': '9AM‚Äì4:30PM', 'Friday': 'Closed'}",ketamineinstitute.com,+1 904-662-1485,4.9,35 reviews,"['""He has an outstanding staff who go the extra mile for his patients.""', '""The setting is modest but the respect and level of care is high end.""']",https://streetviewpixels-pa.googleapis.com/v1/thumbnail?panoid=BJp2p5oOFaVwHbHWJPGBuQ&cb_client=search.gws-prod.gps&w=408&h=240&yaw=355.10397&pitch=0&thumbfov=100
"Ketamine Wellness Centers - Jacksonville, Florida","{'Saturday': 'Closed', 'Sunday': 'Closed', 'Monday': '9AM‚Äì5PM', 'Tuesday': '9AM‚Äì5PM', 'Wednesday': '9AM‚Äì5PM', 'Thursday': '9AM‚Äì5PM', 'Friday': '9AM‚Äì5PM'}",webpsychiatry.net,+1 855-538-9355,5,2 reviews,"['""I highly recommend this place to anyone .""', '""Our family was provided an invaluable treatment here.""', '""Very professional and caring staff.""']",https://lh5.googleusercontent.com/p/AF1QipN_RG4fSeTfugr-i5YtZFZ9oalNxdyOO0dHfhw9=w630-h240-k-no
Florida Mind Health Center For Ketamine Therapy,"{'Saturday': 'Closed', 'Sunday': 'Closed', 'Monday': '7AM‚Äì5PM', 'Tuesday': '7AM‚Äì5PM', 'Wednesday': '7AM‚Äì5PM', 'Thursday': '7AM‚Äì5PM', 'Friday': 'Closed'}",theinvictusclinic.com,+1 850-583-4646,4.4,7 reviews,"['""I received a migraine cocktail in a comfortable recliner.""', '""Top notch service, treatment and care.""', '""Kelle was amazing and the staff made me feel at home.""']",https://lh5.googleusercontent.com/p/AF1QipPY4B0hlF_FUQeos0h8mlD-zrRBUtJZhnethEQR=w408-h544-k-no
Florida Mind Health Center For Ketamine Therapy,"{'Saturday': 'Closed', 'Sunday': 'Closed', 'Monday': '9AM‚Äì4PM', 'Tuesday': '9AM‚Äì4PM', 'Wednesday': '9AM‚Äì4PM', 'Thursday': '9AM‚Äì4PM', 'Friday': '9AM‚Äì4PM'}",ketamine-la.com,+1 850-583-4646,4,19 reviews,"['""I received a migraine cocktail in a comfortable recliner.""', '""Top notch service, treatment and care.""', '""Kelle was amazing and the staff made me feel at home.""']",https://lh5.googleusercontent.com/p/AF1QipPY4B0hlF_FUQeos0h8mlD-zrRBUtJZhnethEQR=w408-h544-k-no
First Coast Wellness Infusions and Ketamine Clinic LLC,,charlotteketaminecenter.us,+1 855-258-0325,5,9 reviews,"['""I have had a great experience with both the staff and the infusions.""', '""I highly recommend this place.""', '""They personalized my treatment and took care of me every step of the way.""']",https://streetviewpixels-pa.googleapis.com/v1/thumbnail?panoid=Ba2ZEo3cU1uI-qOeQZM1Fw&cb_client=search.gws-prod.gps&w=408&h=240&yaw=336.6775&pitch=0&thumbfov=100
First Coast Wellness Infusions and Ketamine Clinic LLC,,ketamine-la.com,+1 800-850-6979,5,14 reviews,"['""Money spent at his office is money well spent.""', '""Dr. Grass was able to raise it to the levels I needed for the treatment to work.""', '""He and his staff are incredibly kind and caring.""']",https://streetviewpixels-pa.googleapis.com/v1/thumbnail?panoid=Ba2ZEo3cU1uI-qOeQZM1Fw&cb_client=search.gws-prod.gps&w=408&h=240&yaw=336.6775&pitch=0&thumbfov=100
Atlanta Center for Ketamine Therapy,,georgiaketamine.com,+1 678-701-7725,5,1 review,"['""It\'s a pretty miraculous way to help people in their quest for better health.""', '""Dr. G provides an environment that is relaxing, comforting, and safe.""', '""My experience was seamless and I felt valued as a patient!""']",https://lh5.googleusercontent.com/p/AF1QipO4c9zHeTZNo23CG9QWcnNfolkUqFcsXIvFd5Cv=w416-h240-k-no
Invictus Clinic - Ketamine Treatment Atlanta,,infusionketamine.com,+1 770-580-0979,4.9,34 reviews,[],https://streetviewpixels-pa.googleapis.com/v1/thumbnail?panoid=_5laR2WLbSXKAJOv4qpm1w&cb_client=search.gws-prod.gps&w=408&h=240&yaw=71.27761&pitch=0&thumbfov=100
Invictus Clinic - Ketamine Treatment Atlanta,,fixmydepression.org,+1 985-317-9242,5,9 reviews,"['""My experience with Dr. Ball and his staff has been wonderful.""', '""The office is relaxing and impeccably clean!""', '""I highly recommend this treatment for chronic migraine relief!""']",https://streetviewpixels-pa.googleapis.com/v1/thumbnail?panoid=_5laR2WLbSXKAJOv4qpm1w&cb_client=search.gws-prod.gps&w=408&h=240&yaw=71.27761&pitch=0&thumbfov=100
Charlotte Ketamine Center,,ketwell.com,+1 704-519-6918,4.8,48 reviews,"['""Staff in a hurry to go home.""', '""Here are specific examples of the unprofessional treatment I received ‚Äî 1.""', '""He listens to his patients and offers practical cutting-edge solutions.""']",https://www.gstatic.com/images/icons/material/system_gm/2x/photo_library_white_18dp.png
Ketamine Infusion Center,,nyketamine.com,+1 504-354-8567,5,27 reviews,"['""The staff are personable and attentive.""', '""I am more involved with my family, household, friends, and work.""', '""This place is amazing!""']",https://lh5.googleusercontent.com/p/AF1QipM1gOamRh6sK6iKCblRIuJS4NomqBIgh4dKs0Zm=w408-h272-k-no
Ketamine Infusion Center,,mindscapeketamine.com,+1 678-438-8732,5,36 reviews,"['""Great place, good people, very friendly and responsive to inquiries.""', '""I highly recommend this service and process!""', '""They always are so nice, it makes you feel like you are being helped by family.""']",https://lh5.googleusercontent.com/p/AF1QipM1gOamRh6sK6iKCblRIuJS4NomqBIgh4dKs0Zm=w408-h272-k-no
Integrative Psychiatry Of Chattanooga - Chattanooga Ketamine Center,,nashvilleketamine.com,+1 423-680-6030,5,3 reviews,[],https://www.gstatic.com/images/icons/material/system_gm/2x/photo_library_white_18dp.png
Integrative Psychiatry Of Chattanooga - Chattanooga Ketamine Center,,ketamineofphiladelphia.com,+1 423-271-9420,3.9,15 reviews,"['""Friendly staff and comfortable atmosphere.""', '""You couldn\'t ask for a better place to experience the miracle of ketemine.""', '""Dr J and Angela are great to work with and I always have fabulous results!""']",https://lh5.googleusercontent.com/p/AF1QipOUuQzrqwOs5HTjYzMJZIPlDJzpEJyPY4rxi4Rv=w546-h240-k-no
Ketamine Infusion Therapy,,baltimoreketamineclinic.com,+1 803-851-0642,4.8,18 reviews,[],https://streetviewpixels-pa.googleapis.com/v1/thumbnail?panoid=df4SxG2QVLxeAi8WzAeT6g&cb_client=search.gws-prod.gps&w=408&h=240&yaw=254.79205&pitch=0&thumbfov=100
Ketamine Wellness Institute (Chapel Hill),,ketamineinfusiontherapyhoustonandsugarland.com,+1 984-528-7215,5,42 reviews,"['""If I could give this place and the doctors a million stars, I would!""', '""My work, relationships and quality of life all suffered greatly.""', '""üôè I\'m so grateful for what Dr. Lateef gave me, a new life.""']",https://streetviewpixels-pa.googleapis.com/v1/thumbnail?panoid=noDVMZmOTBl30mBQhotjpA&cb_client=search.gws-prod.gps&w=408&h=240&yaw=110.97908&pitch=0&thumbfov=100
NY Ketamine Infusions,,amg-ketamine.com,+1 917-261-7370,5,38 reviews,"['""Thank you staff at NY Ketamine infusions for giving me a second chance at life!""', '""An amazing experience led by an amazing doctor.""', '""The feeling it gave me during the treatment was amazing!""']",https://www.gstatic.com/images/icons/material/system_gm/2x/photo_library_white_18dp.png
"MindScape Ketamine &amp; Infusion Therapy, PLLC Houston",,balanceketamine.com,+1 346-439-9600,5,18 reviews,"['""Music wraps around me now with the warmth we should all experience.""', '""My family and I highly recommend.""', '""Dr. Henderson answered all of my questions and helped me feel comfortable.""']",https://www.gstatic.com/images/icons/material/system_gm/2x/photo_library_white_18dp.png
Nashville Ketamine,,midwestketaminecenter.com,+1 615-601-1315,5,11 reviews,"['""Staff was very kind and supportive.""', '""The environment of the office is also very nice.""', '""It\'s like my battery was always on low, and now it\'s got a little more charge.""']",https://www.gstatic.com/images/icons/material/system_gm/2x/photo_library_white_18dp.png
Ketamine Infusion and Wellness,,,+1 267-727-2121,,,[],https://streetviewpixels-pa.googleapis.com/v1/thumbnail?panoid=yIO0hKDO6E-UzkN_rmVaCw&cb_client=search.gws-prod.gps&w=408&h=240&yaw=309.80377&pitch=0&thumbfov=100
Ketamine Infusion and Wellness,,,+1 410-870-5482,,,"['""Staff is great, was able to get in quickly.""', '""My experience with treatment was excellent.""', '""Only 1 of the 3 nurses I encountered got a good stick EVER.""']",https://streetviewpixels-pa.googleapis.com/v1/thumbnail?panoid=yIO0hKDO6E-UzkN_rmVaCw&cb_client=search.gws-prod.gps&w=408&h=240&yaw=309.80377&pitch=0&thumbfov=100
"Baltimore Ketamine Clinic | Depression, Anxiety, OCD and PTSD Treatment",,,+1 832-899-4065,,,"['""Best place for ketamine treatment 100%.""', '""Baltimore Ketamine Clinic is run by really great people!""', '""Caring and experienced staff.""']",https://www.gstatic.com/images/icons/material/system_gm/2x/photo_library_white_18dp.png
Ketamine Infusion Therapy,,,+1 615-813-5006,,,"['""4) bring ear buds and good music.""', '""Fantastic, sympathetic and empathetic service.""', '""He gave my family their lives back, because they have me back.""']",https://lh5.googleusercontent.com/p/AF1QipOjhD0-hDNTloSiOrImONX6vCkKjAdSyFc2dIKQ=w408-h407-k-no
AMG Ketamine and Wellness Center,,,+1 773-227-3669,,,"['""The facility is clean, comfortable, non-clinical, relaxing and easy to navigate.""', '""This treatment has been a life saver for my husband and family.""', '""They love helping people and they make you feel right at home.""']",https://streetviewpixels-pa.googleapis.com/v1/thumbnail?panoid=IjIrfTGgbr8oK_5tFUhUHg&cb_client=search.gws-prod.gps&w=408&h=240&yaw=259.66956&pitch=0&thumbfov=100
Balance Ketamine Clinic Chicago - ketamine Infusion Therapy For Treatment,,,+1 224-232-8910,,,"['""Clean establish, good service, staff was wonderful and very personable!""', '""Listen to peaceful music - your choice of music is very important.""', '""Staff make experience relaxing.""']",https://www.gstatic.com/images/icons/material/system_gm/2x/photo_library_white_18dp.png
Midwest Ketamine Center,,,,,,"['""AMAZING STAFF what a wonder place to come to.""', '""The entire staff creates a warm, friendly, comfortable and caring atmosphere.""', '""They make sure you have a pleasant and comfortable experience every time.""']",https://lh5.googleusercontent.com/p/AF1QipNWEEab3B-ebuUx0LqjWEntoFGkwUz1x931v0DC=w408-h306-k-no
